ward,population,estimated_vehicle_count,estimated_vehicles_per_person
1,9149.865341755652,4567.489706741716,0.49918654932525136
2,7132.192005331157,3964.282101370294,0.5558294137913113
3,8878.026304755185,4987.3754273582645,0.5617662367914997
4,7605.757053282834,3585.976344190435,0.4714818418559187
5,8590.06662484873,4534.169072435694,0.5278386385641729
6,8517.973127588319,4523.314815560585,0.5310318250371453
7,6800.651389774136,3478.859743357627,0.5115480185601996
8,9232.042623537935,5112.396625470756,0.5537665751711581
